Street_One,Street_Two_,Street_Two,City,State,Country,Latitude,Longitude
MISSION ST,10TH ST,"10TH ST, San Francisco, CA, USA",San Francisco,California,USA,37.73738462,-122.4240558
MISSION ST,11TH ST,"11TH ST, San Francisco, CA, USA",San Francisco,California,USA,37.7741306,-122.417243
MISSION ST,12TH ST,"12TH ST, San Francisco, CA, USA",San Francisco,California,USA,37.73738462,-122.4240558
MISSION ST,13TH ST,"13TH ST, San Francisco, CA, USA",San Francisco,California,USA,37.7704024,-122.419778
MISSION ST,14TH ST,"14TH ST, San Francisco, CA, USA",San Francisco,California,USA,37.7680356,-122.4200835
MISSION ST,15TH ST,"15TH ST, San Francisco, CA, USA",San Francisco,California,USA,37.73738462,-122.4240558
MISSION ST,16TH ST,"16TH ST, San Francisco, CA, USA",San Francisco,California,USA,37.7648246,-122.4197531
MISSION ST,17TH ST,"17TH ST, San Francisco, CA, USA",San Francisco,California,USA,37.73738462,-122.4240558
MISSION ST,18TH ST,"18TH ST, San Francisco, CA, USA",San Francisco,California,USA,37.7616287,-122.4194612
MISSION ST,19TH ST,"19TH ST, San Francisco, CA, USA",San Francisco,California,USA,37.73738462,-122.4240558
MISSION ST,01ST ST,"1ST ST, San Francisco, CA, USA",San Francisco,California,USA,37.7899445,-122.3975054
MISSION ST,20TH ST,"20TH ST, San Francisco, CA, USA",San Francisco,California,USA,37.7584072,-122.4191609
MISSION ST,21ST ST,"21ST ST, San Francisco, CA, USA",San Francisco,California,USA,37.73738462,-122.4240558
MISSION ST,22ND ST,"22ND ST, San Francisco, CA, USA",San Francisco,California,USA,37.7550569,-122.4188388
MISSION ST,23RD ST,"23RD ST, San Francisco, CA, USA",San Francisco,California,USA,37.73738462,-122.4240558
MISSION ST,24TH ST,"24TH ST, San Francisco, CA, USA",San Francisco,California,USA,37.7519667,-122.418523
MISSION ST,25TH ST,"25TH ST, San Francisco, CA, USA",San Francisco,California,USA,37.75098592,-122.418355
MISSION ST,26TH ST,"26TH ST, San Francisco, CA, USA",San Francisco,California,USA,37.7494003,-122.418079
MISSION ST,29TH ST,"29TH ST, San Francisco, CA, USA",San Francisco,California,USA,37.74422047,-122.4208369
MISSION ST,02ND ST,"2ND ST, San Francisco, CA, USA",San Francisco,California,USA,37.7878381,-122.399852
MISSION ST,30TH ST,"30TH ST, San Francisco, CA, USA",San Francisco,California,USA,37.742615,-122.421722
MISSION ST,03RD ST,"3RD ST, San Francisco, CA, USA",San Francisco,California,USA,37.7863951,-122.4017363
MISSION ST,04TH ST,"4TH ST, San Francisco, CA, USA",San Francisco,California,USA,37.7843851,-122.404564
MISSION ST,05TH ST,"5TH ST, San Francisco, CA, USA",San Francisco,California,USA,37.7825488,-122.4065625
MISSION ST,06TH ST,"6TH ST, San Francisco, CA, USA",San Francisco,California,USA,37.7808355,-122.40906
MISSION ST,07TH ST,"7TH ST, San Francisco, CA, USA",San Francisco,California,USA,37.779426,-122.4105346
MISSION ST,08TH ST,"8TH ST, San Francisco, CA, USA",San Francisco,California,USA,37.7775343,-122.4129314
MISSION ST,09TH ST,"9TH ST, San Francisco, CA, USA",San Francisco,California,USA,37.7761223,-122.415024
MISSION ST,ACTON ST,"ACTON ST, San Francisco, CA, USA",San Francisco,California,USA,37.7088785,-122.452239
MISSION ST,ADMIRAL AVE,"ADMIRAL AVE, San Francisco, CA, USA",San Francisco,California,USA,37.73000507,-122.4302177
MISSION ST,ALLISON ST,"ALLISON ST, San Francisco, CA, USA",San Francisco,California,USA,37.7144543,-122.44265
MISSION ST,AMAZON AVE,"AMAZON AVE, San Francisco, CA, USA",San Francisco,California,USA,37.71741972,-122.4404396
MISSION ST,ANGELOS ALY,"ANGELOS ALY, San Francisco, CA, USA",San Francisco,California,USA,37.77833254,-122.4123353
MISSION ST,ANNIE ST,"ANNIE ST, San Francisco, CA, USA",San Francisco,California,USA,37.78703945,-122.4013023
MISSION ST,ANTHONY ST,"ANTHONY ST, San Francisco, CA, USA",San Francisco,California,USA,37.78841075,-122.3993819
MISSION ST,APPLETON AVE,"APPLETON AVE, San Francisco, CA, USA",San Francisco,California,USA,37.7390714,-122.423838
MISSION ST,AVALON AVE,"AVALON AVE, San Francisco, CA, USA",San Francisco,California,USA,37.72776627,-122.4324734
MISSION ST,BEALE ST,"BEALE ST, San Francisco, CA, USA",San Francisco,California,USA,37.7910068,-122.396163
MISSION ST,BOSWORTH ST,"BOSWORTH ST, San Francisco, CA, USA",San Francisco,California,USA,37.7334365,-122.426808
MISSION ST,BRAZIL AVE,"BRAZIL AVE, San Francisco, CA, USA",San Francisco,California,USA,37.7245322,-122.434808
MISSION ST,BROOK ST,"BROOK ST, San Francisco, CA, USA",San Francisco,California,USA,37.74081397,-122.4231246
MISSION ST,CASTLE MANOR AVE,"CASTLE MANOR AVE, San Francisco, CA, USA",San Francisco,California,USA,37.72932393,-122.430878
MISSION ST,CLARION ALY,"CLARION ALY, San Francisco, CA, USA",San Francisco,California,USA,37.76318772,-122.4194776
MISSION ST,COLLEGE AVE,"COLLEGE AVE, San Francisco, CA, USA",San Francisco,California,USA,37.73548814,-122.4248377
MISSION ST,COLLEGE TER,"COLLEGE TER, San Francisco, CA, USA",San Francisco,California,USA,37.73440458,-122.4258251
MISSION ST,CONCORD ST,"CONCORD ST, San Francisco, CA, USA",San Francisco,California,USA,37.71410423,-122.4434455
MISSION ST,CORTLAND AVE,"CORTLAND AVE, San Francisco, CA, USA",San Francisco,California,USA,37.741262,-122.422574
MISSION ST,COTTER ST,"COTTER ST, San Francisco, CA, USA",San Francisco,California,USA,37.72735032,-122.4329738
MISSION ST,ECKER ST,"ECKER ST, San Francisco, CA, USA",San Francisco,California,USA,37.78927504,-122.3983172
MISSION ST,ERIE ST,"ERIE ST, San Francisco, CA, USA",San Francisco,California,USA,37.76924307,-122.4200137
MISSION ST,EUGENIA AVE,"EUGENIA AVE, San Francisco, CA, USA",San Francisco,California,USA,37.7423104,-122.4221146
MISSION ST,EXCELSIOR AVE,"EXCELSIOR AVE, San Francisco, CA, USA",San Francisco,California,USA,37.7264613,-122.433348
MISSION ST,FAIR AVE,"FAIR AVE, San Francisco, CA, USA",San Francisco,California,USA,37.74603874,-122.4196436
MISSION ST,FARRAGUT AVE,"FARRAGUT AVE, San Francisco, CA, USA",San Francisco,California,USA,37.71011924,-122.4493387
MISSION ST,FLORENTINE AVE,"FLORENTINE AVE, San Francisco, CA, USA",San Francisco,California,USA,37.71356649,-122.4440822
MISSION ST,FOOTE AVE,"FOOTE AVE, San Francisco, CA, USA",San Francisco,California,USA,37.712901,-122.444643
MISSION ST,FRANCE AVE,"FRANCE AVE, San Francisco, CA, USA",San Francisco,California,USA,37.72017733,-122.4383785
MISSION ST,FRANCIS ST,"FRANCIS ST, San Francisco, CA, USA",San Francisco,California,USA,37.7264186,-122.43365
MISSION ST,FREMONT ST,"FREMONT ST, San Francisco, CA, USA",San Francisco,California,USA,37.790306,-122.396761
MISSION ST,GENEVA AVE,"GENEVA AVE, San Francisco, CA, USA",San Francisco,California,USA,37.7167775,-122.440708
MISSION ST,GODEUS ST,"GODEUS ST, San Francisco, CA, USA",San Francisco,California,USA,37.74286971,-122.4216909
MISSION ST,GRACE ST,"GRACE ST, San Francisco, CA, USA",San Francisco,California,USA,37.77574778,-122.4155646
MISSION ST,GUTTENBERG ST,"GUTTENBERG ST, San Francisco, CA, USA",San Francisco,California,USA,37.712904,-122.444325
MISSION ST,HARRINGTON ST,"HARRINGTON ST, San Francisco, CA, USA",San Francisco,California,USA,37.72530408,-122.4343981
MISSION ST,HIGHLAND AVE,"HIGHLAND AVE, San Francisco, CA, USA",San Francisco,California,USA,37.7371265,-122.424242
MISSION ST,HURON AVE,"HURON AVE, San Francisco, CA, USA",San Francisco,California,USA,37.70833011,-122.4542108
MISSION ST,ITALY AVE,"ITALY AVE, San Francisco, CA, USA",San Francisco,California,USA,37.7186961,-122.4392105
MISSION ST,JESSIE EAST ST,"JESSIE EAST ST, San Francisco, CA, USA",San Francisco,California,USA,37.78409604,-122.4048733
MISSION ST,JESSIE WEST ST,"JESSIE WEST ST, San Francisco, CA, USA",San Francisco,California,USA,37.78320402,-122.4060274
MISSION ST,KINGSTON ST,"KINGSTON ST, San Francisco, CA, USA",San Francisco,California,USA,37.7418937,-122.4224392
MISSION ST,LAFAYETTE ST,"LAFAYETTE ST, San Francisco, CA, USA",San Francisco,California,USA,37.77369947,-122.4180684
MISSION ST,LASKIE ST,"LASKIE ST, San Francisco, CA, USA",San Francisco,California,USA,37.77686703,-122.4140838
MISSION ST,LAURA ST,"LAURA ST, San Francisco, CA, USA",San Francisco,California,USA,37.70992194,-122.4501705
MISSION ST,LAWRENCE AVE,"LAWRENCE AVE, San Francisco, CA, USA",San Francisco,California,USA,37.7095478,-122.45089
MISSION ST,LEO ST,"LEO ST, San Francisco, CA, USA",San Francisco,California,USA,37.72253596,-122.4363787
MISSION ST,LOWELL ST,"LOWELL ST, San Francisco, CA, USA",San Francisco,California,USA,37.71133,-122.446842
MISSION ST,MAIN ST,"MAIN ST, San Francisco, CA, USA",San Francisco,California,USA,37.7920357,-122.394877
MISSION ST,MARY ST,"MARY ST, San Francisco, CA, USA",San Francisco,California,USA,37.73738462,-122.4240558
MISSION ST,MINT ST,"MINT ST, San Francisco, CA, USA",San Francisco,California,USA,37.78236352,-122.407138
MISSION ST,MORSE ST,"MORSE ST, San Francisco, CA, USA",San Francisco,California,USA,37.71056914,-122.4483191
MISSION ST,MOUNT VERNON AVE,"MOUNT VERNON AVE, San Francisco, CA, USA",San Francisco,California,USA,37.7147454,-122.442655
MISSION ST,NAGLEE AVE,"NAGLEE AVE, San Francisco, CA, USA",San Francisco,California,USA,37.71180647,-122.446143
MISSION ST,NEW MONTGOMERY ST,"NEW MONTGOMERY ST, San Francisco, CA, USA",San Francisco,California,USA,37.78762997,-122.4005492
MISSION ST,NEY ST,"NEY ST, San Francisco, CA, USA",San Francisco,California,USA,37.73738462,-122.4240558
MISSION ST,NIAGARA AVE,"NIAGARA AVE, San Francisco, CA, USA",San Francisco,California,USA,37.71567083,-122.4417782
MISSION ST,NORTON ST,"NORTON ST, San Francisco, CA, USA",San Francisco,California,USA,37.7244129,-122.435167
MISSION ST,OCEAN AVE,"OCEAN AVE, San Francisco, CA, USA",San Francisco,California,USA,37.7238464,-122.4357
MISSION ST,OLIVER ST,"OLIVER ST, San Francisco, CA, USA",San Francisco,California,USA,37.7095923,-122.450097
MISSION ST,ONONDAGA AVE,"ONONDAGA AVE, San Francisco, CA, USA",San Francisco,California,USA,37.7213832,-122.4374593
MISSION ST,OTTAWA AVE,"OTTAWA AVE, San Francisco, CA, USA",San Francisco,California,USA,37.7137374,-122.4437705
MISSION ST,PARK ST,"PARK ST, San Francisco, CA, USA",San Francisco,California,USA,37.73738462,-122.4240558
MISSION ST,PERSIA AVE,"PERSIA AVE, San Francisco, CA, USA",San Francisco,California,USA,37.7233555,-122.435688
MISSION ST,PLUM ST,"PLUM ST, San Francisco, CA, USA",San Francisco,California,USA,37.77120985,-122.4196964
MISSION ST,POPE ST,"POPE ST, San Francisco, CA, USA",San Francisco,California,USA,37.71563096,-122.4418049
MISSION ST,POWERS AVE,"POWERS AVE, San Francisco, CA, USA",San Francisco,California,USA,37.7465092,-122.419208
MISSION ST,PRECITA AVE,"PRECITA AVE, San Francisco, CA, USA",San Francisco,California,USA,37.74692571,-122.419129
MISSION ST,RANDALL ST,"RANDALL ST, San Francisco, CA, USA",San Francisco,California,USA,37.74001398,-122.4236023
MISSION ST,RICHLAND AVE,"RICHLAND AVE, San Francisco, CA, USA",San Francisco,California,USA,37.735821,-122.424686
MISSION ST,ROLPH ST,"ROLPH ST, San Francisco, CA, USA",San Francisco,California,USA,37.71592163,-122.4416287
MISSION ST,RUSSIA AVE,"RUSSIA AVE, San Francisco, CA, USA",San Francisco,California,USA,37.7214246,-122.4371688
MISSION ST,RUTH ST,"RUTH ST, San Francisco, CA, USA",San Francisco,California,USA,37.7228612,-122.436342
MISSION ST,SAINT MARYS AVE,"SAINT MARYS AVE, San Francisco, CA, USA",San Francisco,California,USA,37.73410153,-122.4261158
MISSION ST,SAN JUAN AVE,"SAN JUAN AVE, San Francisco, CA, USA",San Francisco,California,USA,37.72414896,-122.4353485
MISSION ST,SANTA ROSA AVE,"SANTA ROSA AVE, San Francisco, CA, USA",San Francisco,California,USA,37.72594809,-122.434035
MISSION ST,SENECA AVE,"SENECA AVE, San Francisco, CA, USA",San Francisco,California,USA,37.7178613,-122.4401287
MISSION ST,SHAW ALY,"SHAW ALY, San Francisco, CA, USA",San Francisco,California,USA,37.78914072,-122.3985343
MISSION ST,SILVER AVE,"SILVER AVE, San Francisco, CA, USA",San Francisco,California,USA,37.7285701,-122.431343
MISSION ST,SPEAR ST,"SPEAR ST, San Francisco, CA, USA",San Francisco,California,USA,37.7924299,-122.394385
MISSION ST,STEUART ST,"STEUART ST, San Francisco, CA, USA",San Francisco,California,USA,37.7932952,-122.393419
MISSION ST,SYCAMORE ST,"SYCAMORE ST, San Francisco, CA, USA",San Francisco,California,USA,37.76293031,-122.4194441
MISSION ST,THE EMBARCADERO,"THE EMBARCADERO, San Francisco, CA, USA",San Francisco,California,USA,37.7944319,-122.392925
MISSION ST,THERESA ST,"THERESA ST, San Francisco, CA, USA",San Francisco,California,USA,37.72784747,-122.4323462
MISSION ST,TINGLEY ST,"TINGLEY ST, San Francisco, CA, USA",San Francisco,California,USA,37.72842907,-122.4317162
MISSION ST,TRUMBULL ST,"TRUMBULL ST, San Francisco, CA, USA",San Francisco,California,USA,37.7306114,-122.429317
MISSION ST,VALENCIA ST,"VALENCIA ST, San Francisco, CA, USA",San Francisco,California,USA,37.7452138,-122.420259
MISSION ST,VIRGINIA AVE,"VIRGINIA AVE, San Francisco, CA, USA",San Francisco,California,USA,37.74330077,-122.4215094
MISSION ST,WASHBURN ST,"WASHBURN ST, San Francisco, CA, USA",San Francisco,California,USA,37.77599915,-122.4152174
MISSION ST,WHIPPLE AVE,"WHIPPLE AVE, San Francisco, CA, USA",San Francisco,California,USA,37.71088837,-122.4476436
MISSION ST,YERBA BUENA LN,"YERBA BUENA LN, San Francisco, CA, USA",San Francisco,California,USA,37.78524855,-122.4034845
